{
  "best_model": "extra_trees",
  "cv_results": {
    "xgboost": {
      "mean": 0.8766233766233766,
      "std": 0.06748249899619002,
      "scores": [
        0.8636363636363636,
        0.8636363636363636,
        0.9090909090909091,
        0.9090909090909091,
        0.9545454545454546,
        0.9090909090909091,
        0.7272727272727273
      ]
    },
    "lightgbm": {
      "mean": 0.5,
      "std": 0.0,
      "scores": [
        0.5,
        0.5,
        0.5,
        0.5,
        0.5,
        0.5,
        0.5
      ]
    },
    "random_forest": {
      "mean": 0.9350649350649352,
      "std": 0.05354682630672286,
      "scores": [
        0.9090909090909091,
        0.9545454545454546,
        0.9545454545454546,
        0.9545454545454546,
        0.9545454545454546,
        1.0,
        0.8181818181818182
      ]
    },
    "extra_trees": {
      "mean": 0.9415584415584417,
      "std": 0.05807968772726726,
      "scores": [
        0.9090909090909091,
        0.9545454545454546,
        1.0,
        0.9545454545454546,
        0.9545454545454546,
        1.0,
        0.8181818181818182
      ]
    },
    "mlp": {
      "mean": 0.9025974025974026,
      "std": 0.0566090771888399,
      "scores": [
        0.8636363636363636,
        0.8636363636363636,
        0.9545454545454546,
        0.9090909090909091,
        0.9090909090909091,
        1.0,
        0.8181818181818182
      ]
    },
    "voting_ensemble": {
      "mean": 0.9350649350649352,
      "std": 0.05354682630672286,
      "scores": [
        0.9090909090909091,
        0.9545454545454546,
        0.9545454545454546,
        0.9545454545454546,
        0.9545454545454546,
        1.0,
        0.8181818181818182
      ]
    }
  },
  "training_time": 45.93671107292175,
  "feature_count": 4517,
  "sample_count": 154,
  "gpu_used": true,
  "gpu_name": "NVIDIA GeForce RTX 3050 6GB Laptop GPU",
  "timestamp": "2025-08-18T14:27:54.945312"
}