{
  "comprehensive_report": {
    "report_time": "2025-08-05 20:25:48",
    "total_evaluation_time": 449.04231119155884,
    "best_overall_accuracy": 1.0,
    "best_overall_model": "rf",
    "best_overall_dataset": "training_set",
    "all_results": {
      "complete_dataset": {
        "models": {
          "rf": {
            "accuracy": 0.9669421487603306,
            "precision": 0.9671631237017724,
            "recall": 0.9669421487603306,
            "f1_score": 0.9669351215827211,
            "roc_auc": 0.9938828172434729,
            "confusion_matrix": 