{
  "Authentic": {
    "precision": 0.7268722466960352,
    "recall": 0.9016393442622951,
    "f1-score": 0.8048780487804879,
    "support": 183.0
  },
  "Forged": {
    "precision": 0.8676470588235294,
    "recall": 0.6555555555555556,
    "f1-score": 0.7468354430379747,
    "support": 180.0
  },
  "accuracy": 0.7796143250688705,
  "macro avg": {
    "precision": 0.7972596527597824,
    "recall": 0.7785974499089253,
    "f1-score": 0.7758567459092313,
    "support": 363.0
  },
  "weighted avg": {
    "precision": 0.796677938660082,
    "recall": 0.7796143250688705,
    "f1-score": 0.776096591387506,
    "support": 363.0
  }
}