{
  "best_model": "rf",
  "best_accuracy": 1.0,
  "evaluation_time": 481.05077958106995,
  "gpu_used": true,
  "gpu_name": "NVIDIA GeForce RTX 3050 6GB Laptop GPU",
  "complete_dataset_accuracy": 0.9669421487603306,
  "complete_dataset_f1": 0.9669351215827211,
  "complete_dataset_auc": 0.9938979963570127,
  "test_set_accuracy": 0.9090909090909091,
  "test_set_f1": 0.9090307243236737,
  "test_set_auc": 0.9636243386243386,
  "cv_mean_accuracy": 0.8979071537290715,
  "cv_std_accuracy": 0.024766282168817707
}