{
  "complete_dataset": {
    "rf": {
      "accuracy": 0.9669421487603306,
      "f1_score": 0.9669351215827211,
      "roc_auc": 0.9938979963570127,
      "precision": 0.9671631237017724,
      "recall": 0.9669421487603306
    },
    "et": {
      "accuracy": 0.9614325068870524,
      "f1_score": 0.9614243085131746,
      "roc_auc": 0.9944596235579842,
      "precision": 0.9616497989128032,
      "recall": 0.9614325068870524
    },
    "gb": {
      "accuracy": 0.931129476584022,
      "f1_score": 0.9310729674366038,
      "roc_auc": 0.9722070431086824,
      "precision": 0.9321647999130056,
      "recall": 0.931129476584022
    },
    "xgb": {
      "accuracy": 0.9614325068870524,
      "f1_score": 0.961416691895344,
      "roc_auc": 0.9921979356405586,
      "precision": 0.9619270779145388,
      "recall": 0.9614325068870524
    },
    "mlp": {
      "accuracy": 0.8953168044077136,
      "f1_score": 0.8951513476851968,
      "roc_auc": 0.9438979963570127,
      "precision": 0.8984853702949979,
      "recall": 0.8953168044077136
    }
  },
  "training_set": {
    "rf": {
      "accuracy": 1.0,
      "f1_score": 1.0,
      "roc_auc": 1.0,
      "precision": 1.0,
      "recall": 1.0
    },
    "et": {
      "accuracy": 1.0,
      "f1_score": 1.0,
      "roc_auc": 1.0,
      "precision": 1.0,
      "recall": 1.0
    },
    "gb": {
      "accuracy": 1.0,
      "f1_score": 1.0,
      "roc_auc": 1.0,
      "precision": 1.0,
      "recall": 1.0
    },
    "xgb": {
      "accuracy": 1.0,
      "f1_score": 1.0,
      "roc_auc": 1.0,
      "precision": 1.0,
      "recall": 1.0
    },
    "mlp": {
      "accuracy": 0.9130434782608695,
      "f1_score": 0.9127955758962624,
      "roc_auc": 0.9650668666416697,
      "precision": 0.918199307425933,
      "recall": 0.9130434782608695
    }
  },
  "validation_set": {
    "rf": {
      "accuracy": 0.8727272727272727,
      "f1_score": 0.8722197045227953,
      "roc_auc": 0.9252645502645503,
      "precision": 0.8769794721407624,
      "recall": 0.8727272727272727
    },
    "et": {
      "accuracy": 0.8545454545454545,
      "f1_score": 0.8535757575757575,
      "roc_auc": 0.9265873015873015,
      "precision": 0.8618577075098814,
      "recall": 0.8545454545454545
    },
    "gb": {
      "accuracy": 0.6909090909090909,
      "f1_score": 0.6850633999570169,
      "roc_auc": 0.8326719576719577,
      "precision": 0.7027272727272728,
      "recall": 0.6909090909090909
    },
    "xgb": {
      "accuracy": 0.8909090909090909,
      "f1_score": 0.8906920665541355,
      "roc_auc": 0.9457671957671958,
      "precision": 0.8928484848484849,
      "recall": 0.8909090909090909
    },
    "mlp": {
      "accuracy": 0.8727272727272727,
      "f1_score": 0.8727272727272727,
      "roc_auc": 0.8743386243386244,
      "precision": 0.8733044733044731,
      "recall": 0.8727272727272727
    }
  },
  "test_set": {
    "rf": {
      "accuracy": 0.9090909090909091,
      "f1_score": 0.9090307243236737,
      "roc_auc": 0.9636243386243386,
      "precision": 0.9095731854352546,
      "recall": 0.9090909090909091
    },
    "et": {
      "accuracy": 0.8909090909090909,
      "f1_score": 0.8909090909090909,
      "roc_auc": 0.9543650793650794,
      "precision": 0.8909090909090909,
      "recall": 0.8909090909090909
    },
    "gb": {
      "accuracy": 0.8545454545454545,
      "f1_score": 0.8542560887388473,
      "roc_auc": 0.8968253968253967,
      "precision": 0.8562424242424242,
      "recall": 0.8545454545454545
    },
    "xgb": {
      "accuracy": 0.8545454545454545,
      "f1_score": 0.8535757575757575,
      "roc_auc": 0.9378306878306878,
      "precision": 0.8618577075098814,
      "recall": 0.8545454545454545
    },
    "mlp": {
      "accuracy": 0.8363636363636363,
      "f1_score": 0.8363636363636363,
      "roc_auc": 0.9021164021164021,
      "precision": 0.8369167869167868,
      "recall": 0.8363636363636363
    }
  }
}