{
  "xgb": {
    "val_accuracy": 0.7090909090909091,
    "val_f1": 0.7019762845849803,
    "training_time": 7.643192768096924
  },
  "rf": {
    "val_accuracy": 0.6727272727272727,
    "val_f1": 0.6681085043988271,
    "training_time": 0.666388988494873
  },
  "et": {
    "val_accuracy": 0.7090909090909091,
    "val_f1": 0.7049853372434017,
    "training_time": 0.5479321479797363
  },
  "gb": {
    "val_accuracy": 0.8,
    "val_f1": 0.7962174940898346,
    "training_time": 9.877211332321167
  },
  "mlp": {
    "val_accuracy": 0.7636363636363637,
    "val_f1": 0.7626937369709055,
    "training_time": 0.3639037609100342
  },
  "ensemble": {
    "val_accuracy": 0.8,
    "val_f1": 0.7979926396788223,
    "training_time": 17.80841374397278
  }
}