{
  "rf": {
    "accuracy": 0.8909090909090909,
    "f1": 0.8901818181818182,
    "precision": 0.8991106719367589,
    "recall": 0.8909090909090909
  },
  "et": {
    "accuracy": 0.9090909090909091,
    "f1": 0.9090307243236737,
    "precision": 0.9095731854352546,
    "recall": 0.9090909090909091
  },
  "gb": {
    "accuracy": 0.8363636363636363,
    "f1": 0.8332688588007737,
    "precision": 0.8590909090909091,
    "recall": 0.8363636363636363
  },
  "xgb": {
    "accuracy": 0.8909090909090909,
    "f1": 0.8901818181818182,
    "precision": 0.8991106719367589,
    "recall": 0.8909090909090909
  },
  "mlp": {
    "accuracy": 0.8363636363636363,
    "f1": 0.8357110486721653,
    "precision": 0.8401026392961877,
    "recall": 0.8363636363636363
  }
}