{
  "accuracy": 0.8909090909090909,
  "precision": 0.8991106719367589,
  "recall": 0.8909090909090909,
  "f1": 0.8901818181818182,
  "balanced_accuracy": 0.8895502645502645,
  "sensitivity": 0.8148148148148148,
  "specificity": 0.9642857142857143,
  "balanced_score": 0.8902201058201059
}