{
  "gpu_available": true,
  "gpu_name": "NVIDIA GeForce RTX 3050 6GB Laptop GPU",
  "device": "cuda",
  "best_model": "xgb",
  "best_metrics": {
    "accuracy": 0.8909090909090909,
    "f1": 0.8906920665541355,
    "precision": 0.8928484848484849,
    "recall": 0.8909090909090909
  },
  "feature_count": 4517,
  "sample_count": 253
}