{
  "rf": {
    "accuracy": 0.8727272727272727,
    "f1": 0.8722197045227953,
    "precision": 0.8769794721407624,
    "recall": 0.8727272727272727
  },
  "et": {
    "accuracy": 0.8545454545454545,
    "f1": 0.8535757575757575,
    "precision": 0.8618577075098814,
    "recall": 0.8545454545454545
  },
  "gb": {
    "accuracy": 0.6909090909090909,
    "f1": 0.6850633999570169,
    "precision": 0.7027272727272728,
    "recall": 0.6909090909090909
  },
  "xgb": {
    "accuracy": 0.8909090909090909,
    "f1": 0.8906920665541355,
    "precision": 0.8928484848484849,
    "recall": 0.8909090909090909
  },
  "mlp": {
    "accuracy": 0.8727272727272727,
    "f1": 0.8727272727272727,
    "precision": 0.8733044733044731,
    "recall": 0.8727272727272727
  }
}