{
  "gpu_available": true,
  "gpu_name": "NVIDIA GeForce RTX 3050 6GB Laptop GPU",
  "device": "cuda",
  "best_model": "rf",
  "best_metrics": {
    "accuracy": 0.8727272727272727,
    "f1": 0.8722197045227953,
    "precision": 0.8769794721407624,
    "recall": 0.8727272727272727
  },
  "feature_count": 4517,
  "sample_count": 253
}